date,games,hr_picks,hr_picks_final,hr_picks_hit,hr_expected,hit_picks,hit_picks_final,hit_picks_hit,hit_expected,avg_projected_hr,picks_dnp,settled,built_at,slate_starters,slate_hr_expected,slate_hr_base,slate_hr_actual,slate_hits_expected,slate_hits_actual,hr_level,model_version
2026-09-10,5,6,5,0,1.221,6,6,3,,0.2396,1,True,2026-09-10 15:04:19,,,,,,,,
2026-09-11,15,6,6,1,1.484,6,6,5,,0.2473,0,True,2026-09-12 00:25:09,,,,,,,,
2026-09-12,15,6,4,0,0.945,6,6,4,4.331,0.2322,2,True,2026-09-17 04:00:28,,,,,,,,
2026-09-13,15,6,6,2,1.125,6,6,4,4.322,0.1875,0,True,2026-09-13 15:44:08,,,,,,,,
2026-09-14,10,6,6,2,1.024,6,5,5,3.551,0.1707,1,True,2026-09-15 00:26:46,,,,,,,,
2026-09-15,15,6,6,2,1.12,6,6,5,4.411,0.1867,0,True,2026-09-16 02:39:07,,,,,,,,
2026-09-16,15,6,6,2,1.069,6,6,3,4.367,0.1781,0,True,2026-09-17 04:52:24,,,,,,,,
2026-09-17,9,6,6,0,1.09,6,6,4,4.37,0.1816,0,True,2026-09-17 22:21:04,,,,,,,,
2026-09-18,15,6,6,2,1.075,6,6,3,4.333,0.1791,0,True,2026-09-19 01:50:29,,,,,,,,
2026-09-19,15,6,5,0,0.846,6,5,2,3.552,0.1703,2,True,2026-09-19 10:13:08,,,,,,,,
2026-09-21,3,6,5,2,0.704,6,5,1,3.419,0.1393,2,True,2026-09-21 21:58:51,,,,,,,,
2026-09-22,16,6,5,1,0.919,6,5,3,3.63,0.1829,2,True,2026-09-23 00:33:50,,,,,,,,
2026-09-23,16,6,6,2,1.063,6,5,5,3.66,0.1771,1,True,2026-09-24 04:09:52,287,31.29,31.29,26,264.86,240,,
2026-09-24,12,6,6,0,1.087,6,6,5,4.355,0.1812,0,True,2026-09-24 10:21:32,,,,,,,,
2026-09-25,17,6,6,2,1.055,6,6,5,4.331,0.1759,0,True,2026-09-25 20:12:37,153,16.328,16.328,17,138.62,143,,
2026-09-27,15,6,5,2,0.916,6,6,3,4.347,0.182,1,True,2026-09-30 21:23:29,248,26.669,27.393,30,213.68,206,1.0,2026.09.30-stack
