date,prior,auc,top_decile_lift,brier,log_loss,calibration_rmse,n_test_samples,cutoff_date
2026-09-10,core,0.58647,1.5525,0.028654,0.132763,0.005532,35068,2026-08-06
2026-09-10,empirical_bayes,0.56728,1.3885,0.028656,0.132556,0.003693,35068,2026-08-06
2026-09-10,forest,0.58604,1.5043,0.028654,0.132641,0.00587,35068,2026-08-06
2026-09-10,knn,0.58705,1.5718,0.028646,0.132668,0.005237,35068,2026-08-06
2026-09-10,linear,0.58564,1.456,0.028673,0.132992,0.006571,35068,2026-08-06
2026-09-10,logistic,0.5867,1.4753,0.028681,0.13275,0.006967,35068,2026-08-06
2026-09-10,neural,0.58549,1.4368,0.028673,0.132754,0.007137,35068,2026-08-06
2026-09-10,rf,0.58129,1.4464,0.028696,0.133373,0.007306,35068,2026-08-06
2026-09-10,svm,0.57915,1.4271,0.02873,0.13389,0.008629,35068,2026-08-06
2026-09-10,xgboost,0.58032,1.4464,0.028761,0.134062,0.009121,35068,2026-08-06
2026-09-11,core,0.59035,1.5455,0.028441,0.131497,0.0049,33721,2026-08-08
2026-09-11,empirical_bayes,0.57075,1.3536,0.028453,0.131771,0.004399,33721,2026-08-08
2026-09-11,forest,0.58909,1.5253,0.028451,0.131641,0.005403,33721,2026-08-08
2026-09-11,knn,0.59035,1.5455,0.028441,0.131497,0.0049,33721,2026-08-08
2026-09-11,linear,0.58846,1.394,0.028482,0.132132,0.007186,33721,2026-08-08
2026-09-11,logistic,0.5894,1.5253,0.028502,0.131914,0.007454,33721,2026-08-08
2026-09-11,neural,0.58916,1.4647,0.028467,0.131694,0.006768,33721,2026-08-08
2026-09-11,rf,0.58233,1.4546,0.028524,0.13273,0.00808,33721,2026-08-08
2026-09-11,svm,0.58012,1.4445,0.028524,0.133169,0.008388,33721,2026-08-08
2026-09-11,xgboost,0.58314,1.4445,0.028579,0.132929,0.009285,33721,2026-08-08
2026-09-12,core,0.59053,1.5719,0.028372,0.131134,0.00458,34754,2026-08-08
2026-09-12,empirical_bayes,0.56844,1.3263,0.028392,0.131569,0.004748,34754,2026-08-08
2026-09-12,forest,0.58998,1.5424,0.028375,0.131171,0.00478,34754,2026-08-08
2026-09-12,knn,0.59053,1.5719,0.028372,0.131134,0.00458,34754,2026-08-08
2026-09-12,linear,0.58584,1.3951,0.028427,0.132052,0.00725,34754,2026-08-08
2026-09-12,logistic,0.58755,1.5031,0.028442,0.131794,0.007712,34754,2026-08-08
2026-09-12,neural,0.58737,1.4638,0.02841,0.131583,0.007185,34754,2026-08-08
2026-09-12,rf,0.58098,1.4245,0.028465,0.132533,0.008531,34754,2026-08-08
2026-09-12,svm,0.57886,1.4442,0.028467,0.133008,0.008798,34754,2026-08-08
2026-09-12,xgboost,0.58146,1.4343,0.028522,0.132807,0.009244,34754,2026-08-08
2026-09-13,core,0.58758,1.4797,0.028653,0.132336,0.005074,35870,2026-08-08
2026-09-13,empirical_bayes,0.56792,1.3007,0.028662,0.132569,0.00477,35870,2026-08-08
2026-09-13,forest,0.58668,1.4703,0.028661,0.132443,0.005357,35870,2026-08-08
2026-09-13,knn,0.58758,1.4797,0.028653,0.132336,0.005074,35870,2026-08-08
2026-09-13,linear,0.58412,1.3855,0.028699,0.133186,0.007194,35870,2026-08-08
2026-09-13,logistic,0.58689,1.4892,0.028711,0.132843,0.007894,35870,2026-08-08
2026-09-13,neural,0.58558,1.4609,0.028681,0.132672,0.007051,35870,2026-08-08
2026-09-13,rf,0.57992,1.4232,0.028736,0.133571,0.008536,35870,2026-08-08
2026-09-13,svm,0.57818,1.4326,0.028735,0.134046,0.008325,35870,2026-08-08
2026-09-13,xgboost,0.58007,1.4326,0.028793,0.133916,0.0092,35870,2026-08-08
2026-09-14,core,0.58438,1.5232,0.02894,0.133432,0.005483,35816,2026-08-09
2026-09-14,empirical_bayes,0.56567,1.3176,0.028941,0.133605,0.004824,35816,2026-08-09
2026-09-14,forest,0.58323,1.4578,0.028948,0.133566,0.00571,35816,2026-08-09
2026-09-14,knn,0.58438,1.5232,0.02894,0.133432,0.005483,35816,2026-08-09
2026-09-14,linear,0.5813,1.355,0.028978,0.134249,0.007165,35816,2026-08-09
2026-09-14,logistic,0.58309,1.4671,0.028976,0.133837,0.007357,35816,2026-08-09
2026-09-14,neural,0.5821,1.3456,0.028969,0.133785,0.007676,35816,2026-08-09
2026-09-14,rf,0.57639,1.3456,0.029,0.134622,0.008202,35816,2026-08-09
2026-09-14,svm,0.5739,1.3456,0.029052,0.135542,0.009216,35816,2026-08-09
2026-09-14,xgboost,0.57502,1.3737,0.029063,0.135095,0.009419,35816,2026-08-09
2026-09-15,core,0.58207,1.4702,0.029065,0.133842,0.005186,35357,2026-08-10
2026-09-15,empirical_bayes,0.56519,1.3382,0.029067,0.134071,0.004461,35357,2026-08-10
2026-09-15,forest,0.58125,1.4702,0.029069,0.133918,0.005219,35357,2026-08-10
2026-09-15,knn,0.58207,1.4702,0.029065,0.133842,0.005186,35357,2026-08-10
2026-09-15,linear,0.57769,1.2817,0.029108,0.134784,0.007811,35357,2026-08-10
2026-09-15,logistic,0.57995,1.4042,0.029107,0.13443,0.007666,35357,2026-08-10
2026-09-15,neural,0.57864,1.2817,0.029103,0.134374,0.008227,35357,2026-08-10
2026-09-15,rf,0.57422,1.3571,0.029133,0.135216,0.008465,35357,2026-08-10
2026-09-15,svm,0.57064,1.3382,0.029172,0.135872,0.009232,35357,2026-08-10
2026-09-15,xgboost,0.57213,1.2911,0.02919,0.135637,0.009861,35357,2026-08-10
2026-09-16,core,0.58575,1.5186,0.029302,0.134597,0.005273,35673,2026-08-11
2026-09-16,empirical_bayes,0.56698,1.3612,0.029314,0.134951,0.004159,35673,2026-08-11
2026-09-16,forest,0.58522,1.5001,0.029304,0.134636,0.005894,35673,2026-08-11
2026-09-16,knn,0.58575,1.5186,0.029302,0.134597,0.005273,35673,2026-08-11
2026-09-16,linear,0.58036,1.2779,0.029341,0.135498,0.007282,35673,2026-08-11
2026-09-16,logistic,0.58313,1.5186,0.029342,0.135156,0.007646,35673,2026-08-11
2026-09-16,neural,0.58194,1.3334,0.029336,0.135067,0.00734,35673,2026-08-11
2026-09-16,rf,0.57632,1.352,0.029372,0.135974,0.008069,35673,2026-08-11
2026-09-16,svm,0.57341,1.2779,0.029406,0.136598,0.008997,35673,2026-08-11
2026-09-16,xgboost,0.57354,1.2779,0.029422,0.136445,0.009802,35673,2026-08-11
2026-09-17,core,0.58669,1.525,0.028967,0.133368,0.005374,35734,2026-08-12
2026-09-17,empirical_bayes,0.57093,1.3753,0.028974,0.133665,0.003583,35734,2026-08-12
2026-09-17,forest,0.5865,1.5156,0.028967,0.133385,0.004979,35734,2026-08-12
2026-09-17,knn,0.5871,1.5343,0.028964,0.133327,0.004891,35734,2026-08-12
2026-09-17,linear,0.58416,1.4408,0.028989,0.134049,0.006176,35734,2026-08-12
2026-09-17,logistic,0.58653,1.525,0.028995,0.133731,0.006984,35734,2026-08-12
2026-09-17,neural,0.58605,1.4875,0.028987,0.133667,0.00676,35734,2026-08-12
2026-09-17,rf,0.57921,1.4501,0.029014,0.134398,0.007192,35734,2026-08-12
2026-09-17,svm,0.5765,1.422,0.029045,0.13504,0.008213,35734,2026-08-12
2026-09-17,xgboost,0.57659,1.4595,0.029054,0.134834,0.008319,35734,2026-08-12
2026-09-18,core,0.58781,1.5405,0.028846,0.132872,0.004894,36388,2026-08-12
2026-09-18,empirical_bayes,0.57126,1.3837,0.028856,0.133226,0.003383,36388,2026-08-12
2026-09-18,forest,0.58729,1.4944,0.028849,0.132927,0.005028,36388,2026-08-12
2026-09-18,knn,0.58781,1.5405,0.028846,0.132872,0.004894,36388,2026-08-12
2026-09-18,linear,0.58487,1.4206,0.02887,0.133562,0.006246,36388,2026-08-12
2026-09-18,logistic,0.58697,1.5128,0.028877,0.133267,0.00704,36388,2026-08-12
2026-09-18,neural,0.58651,1.5128,0.028867,0.133187,0.006394,36388,2026-08-12
2026-09-18,rf,0.57965,1.4483,0.028895,0.133921,0.007176,36388,2026-08-12
2026-09-18,svm,0.57659,1.4021,0.028927,0.134529,0.008355,36388,2026-08-12
2026-09-18,xgboost,0.57701,1.439,0.028935,0.134378,0.008307,36388,2026-08-12
2026-09-19,core,0.59059,1.513,0.028776,0.132476,0.004279,36473,2026-08-13
2026-09-19,empirical_bayes,0.57082,1.4392,0.02879,0.132984,0.003333,36473,2026-08-13
2026-09-19,forest,0.59059,1.513,0.028776,0.132476,0.004279,36473,2026-08-13
2026-09-19,knn,0.59059,1.513,0.028776,0.132476,0.004279,36473,2026-08-13
2026-09-19,linear,0.58823,1.4485,0.028831,0.13347,0.006225,36473,2026-08-13
2026-09-19,logistic,0.58963,1.4577,0.028835,0.133081,0.007148,36473,2026-08-13
2026-09-19,neural,0.58987,1.4208,0.028823,0.133001,0.006299,36473,2026-08-13
2026-09-19,rf,0.58382,1.4761,0.028837,0.133566,0.007132,36473,2026-08-13
2026-09-19,svm,0.57972,1.4392,0.028852,0.13405,0.007785,36473,2026-08-13
2026-09-19,xgboost,0.58162,1.4946,0.028884,0.133948,0.007791,36473,2026-08-13
2026-09-21,core,0.58733,1.5014,0.02877,0.132536,0.004222,37000,2026-08-15
2026-09-21,empirical_bayes,0.56547,1.4104,0.028778,0.132998,0.002401,37000,2026-08-15
2026-09-21,forest,0.58733,1.5014,0.02877,0.132536,0.004222,37000,2026-08-15
2026-09-21,knn,0.58733,1.5014,0.02877,0.132536,0.004222,37000,2026-08-15
2026-09-21,linear,0.58377,1.3376,0.028841,0.133614,0.007542,37000,2026-08-15
2026-09-21,logistic,0.58659,1.4104,0.02885,0.133223,0.007413,37000,2026-08-15
2026-09-21,neural,0.58511,1.3558,0.028835,0.133185,0.007269,37000,2026-08-15
2026-09-21,rf,0.57902,1.5014,0.02885,0.133705,0.007433,37000,2026-08-15
2026-09-21,svm,0.57741,1.3922,0.028861,0.134189,0.008258,37000,2026-08-15
2026-09-21,xgboost,0.57814,1.4741,0.028884,0.134121,0.008459,37000,2026-08-15
2026-09-22,core,0.58586,1.4969,0.029006,0.133459,0.004592,36363,2026-08-16
2026-09-22,empirical_bayes,0.56788,1.4785,0.029006,0.133813,0.002755,36363,2026-08-16
2026-09-22,forest,0.58586,1.4969,0.029006,0.133459,0.004592,36363,2026-08-16
2026-09-22,knn,0.58586,1.4969,0.029006,0.133459,0.004592,36363,2026-08-16
2026-09-22,linear,0.57939,1.2398,0.029181,0.135592,0.01069,36363,2026-08-16
2026-09-22,logistic,0.58315,1.4143,0.029168,0.134743,0.008848,36363,2026-08-16
2026-09-22,neural,0.58307,1.3041,0.02911,0.134404,0.008495,36363,2026-08-16
2026-09-22,rf,0.57799,1.4143,0.029171,0.135155,0.009139,36363,2026-08-16
2026-09-22,svm,0.57909,1.35,0.029092,0.135128,0.008861,36363,2026-08-16
2026-09-22,xgboost,0.58064,1.451,0.029132,0.134918,0.008711,36363,2026-08-16
2026-09-23,core,0.58548,1.4903,0.028816,0.132943,0.005333,37465,2026-08-16
2026-09-23,empirical_bayes,0.5706,1.5083,0.028803,0.133025,0.002842,37465,2026-08-16
2026-09-23,forest,0.58512,1.4813,0.028821,0.132966,0.005519,37465,2026-08-16
2026-09-23,knn,0.58548,1.4903,0.028816,0.132943,0.005333,37465,2026-08-16
2026-09-23,linear,0.5797,1.2659,0.028981,0.134805,0.010454,37465,2026-08-16
2026-09-23,logistic,0.58347,1.4095,0.028966,0.133977,0.008656,37465,2026-08-16
2026-09-23,neural,0.58365,1.3287,0.028907,0.13362,0.008425,37465,2026-08-16
2026-09-23,rf,0.5786,1.4275,0.028968,0.134342,0.00914,37465,2026-08-16
2026-09-23,svm,0.57995,1.3916,0.028889,0.134272,0.008545,37465,2026-08-16
2026-09-23,xgboost,0.58166,1.4813,0.028927,0.134103,0.008431,37465,2026-08-16
